,User,state_tod.Base.Bern,state_b_bar.norm.Base.Bern,state_a_bar.norm.Base.Bern,state_app_engage.Base.Bern,state_day_type.Base.Bern,state_bias.Base.Bern,state_tod.Adv.Bern,state_b_bar.norm.Adv.Bern,state_a_bar.norm.Adv.Bern,state_app_engage.Adv.Bern,state_day_type.Adv.Bern,state_bias.Adv.Bern,state_tod.Base.Mu,state_b_bar.norm.Base.Mu,state_a_bar.norm.Base.Mu,state_app_engage.Base.Mu,state_day_type.Base.Mu,state_bias.Base.Mu,state_tod.Adv.Mu,state_b_bar.norm.Adv.Mu,state_a_bar.norm.Adv.Mu,state_app_engage.Adv.Mu,state_day_type.Adv.Mu,state_bias.Adv.Mu,Sigma_u
0,digitaldentalcoach+203@gmail.com,1.8313021353333212,-0.7207065688866663,-0.5448879454446989,0.0018867498286496323,0.6044283509827973,-0.8239618273911383,0.41988012865930896,-0.3307330491256134,-0.15092701918214957,0.19717447992728598,0.2177170764830464,0.9629478601739289,-0.07375941414994508,-3.985849801775696,-0.5313969473737309,0.28570685762100045,4.862094320952729,1.6283961649843304,8.116926910066283e-07,-0.5468942107155895,-0.15144079563017973,8.389416844707266e-07,0.7649827769512059,5.764157492372202e-07,2.257801129917203
1,digitaldentalcoach+205@gmail.com,1.6473845673135192,-2.0481491036466632,1.787516388463971,0.022813621240057633,-0.5174299725717322,0.45434068714508297,0.005149624038881631,-1.0590560861907035,0.4994533079726175,-0.740787398076077,0.16645712168559906,0.43954031896856294,0.7227536376010016,-1.040323092317523,-1.1092236924524137,0.6398411665638783,8.71163065341682,1.1342328090234466,0.009871570843384796,-0.19160396735980817,-0.15943377033048636,0.642391782516432,0.37050956156965426,-0.6368480190216943,1.5870656401385155
2,digitaldentalcoach+208@gmail.com,3.1568335407832424,-0.8381833240815134,0.01457407072220928,0.22501064740838364,-1.1019882372197285,-0.2202430830548931,0.6882799233822786,-0.14456319921928645,-0.4764564337423242,-0.21523568701732138,0.17202134464991858,0.074267395296856,0.704294367971832,-1.3445229549247715,-2.8967940250281004,0.8782018304199996,10.350112501811683,-0.1370458748415976,2.1920191373798654e-05,0.003411294900202721,0.34003193836713513,-0.8616716568582744,1.08211833078784,-0.15795646942773642,1.0269735587717697
3,digitaldentalcoach+209@gmail.com,1.2889905188759168,-1.0973675240845273,0.21339027796294405,0.2850356008385643,-0.21880242230395047,-0.26793299405573395,0.34707441043028064,0.4808541612255632,0.11415636769579854,-0.4422665917587387,-0.02573122174695872,0.5417080283437604,1.0440241854554388,0.09951621644021698,-1.3315518687368428,0.9724111754317486,11.101491370538932,0.6727460940046232,0.3667808017491817,2.003302960502539,0.33103493228470177,-0.05261200435929336,0.8827194781012454,0.09559781722878685,1.0375392969648667
4,digitaldentalcoach+211@gmail.com,-0.5342207729941281,-1.5945694545425495,-0.31248713209044,0.5053432399679068,-1.2817040335375782,0.7267653440291031,0.51368689487104,-0.18158429600196557,-0.31968376563103,-0.16368357241547185,0.12377410851954786,-0.4775838304235647,0.4960848279075478,0.3100298192404353,-1.0123857508775147,-0.2582996395788164,10.046309415084023,0.20119567877795833,-0.05761706387726941,0.3802257867343253,1.2945838951718274,0.11321218670465441,0.23006175995684347,-0.1920355940814997,1.220569946679362
5,digitaldentalcoach+212@gmail.com,2.3361408345140795,-0.2516142686461395,0.5989100327097246,-0.3312820663976685,-2.0776626544796457,0.24169813406782045,0.5367135406714292,-0.28604349664654183,-0.20982249394425395,-0.020867727358715206,-0.5012198461474143,0.6942458943068487,0.092481120019867,0.1688210487618676,-0.18619337564323082,-0.12256503081485945,11.297198341352793,0.0879215177073655,-0.17418704142369962,0.33355970062228435,0.4140486455622748,0.031706703411877965,0.15567910939055613,-0.16088826845953583,0.2874026816160095
6,digitaldentalcoach+213@gmail.com,1.7097509619985582,0.42859869178108984,0.12723800842816843,-0.33218863195173387,-1.642009894087327,-0.014220230225463974,-0.13458684538243013,0.09119709760733834,-0.7534727656321198,0.2896056318622232,-0.49633863437521925,-0.2375268926505473,0.4692300478747324,2.7477629837066413,-1.3928258606127806,1.2273749949610286,9.5406004082539,0.9047042441664004,0.5736803960101625,1.561889876249008,0.7622023379050661,0.03967225624747316,0.8664317386335197,0.0850672684412889,1.8997086012193853
7,digitaldentalcoach+214@gmail.com,0.024041897421056238,0.4485275078333453,0.6552490815542292,0.1949296078915993,-0.8773477948481292,0.2127584037171672,-0.04945618615968712,-0.023886644515935928,-0.10724265484354366,0.2218053723903971,-0.03401218401849104,0.284014227585907,2.043530986389671,-0.9369762253692667,-0.4493179271951775,-0.11726690004239722,5.5574947366038,0.051001766969438554,0.10541790007453253,0.17686230761773655,-0.04355398765592504,-0.055073833642289155,0.9707046559354012,-0.5190323125621079,1.3664643575668998
8,digitaldentalcoach+217@gmail.com,-0.7560595170100838,-1.9786388199916802,0.8945195518232816,-0.10001381995851218,0.1497797437157923,0.3451797647551398,-0.03607283436672483,-0.39535273735012383,0.4557319119019333,0.34412300247252076,-0.06132129266989957,0.45337585264497743,-0.006179427529544898,0.22067695340688842,0.4441920162577376,0.6245690798820477,10.68447789873087,0.7958584872050957,-0.060804718382776735,1.192772089149668,1.0156569904125683,-0.453924476059582,0.8783633432425728,-0.6353127843695744,1.05592656170049
9,digitaldentalcoach+218@gmail.com,1.2013531382330134,-0.9333823566803947,0.0811687277184294,-0.12029756254028101,-0.7277705933191808,0.1156254963594976,-0.16232502781446298,-0.013043599219620125,-0.25215701347425334,-0.044965827418753705,-0.034125769518758835,0.6678603138163126,0.08231098616148158,-0.20091982704278766,-0.8646375726899004,0.2115149694885161,11.299623575275652,0.08076985682205141,0.2069171831078821,0.23753074277797487,0.6913697402252421,-0.14976794815632222,0.2940277744012303,0.2897421643492433,0.49021200429588546
10,digitaldentalcoach+219@gmail.com,1.0193576684187824,-0.5079482714848066,-0.4186481861089023,-0.4522401748873247,0.8433860505077618,1.0809128223885405,-0.04263613260712484,-0.5240031216916841,-0.2289131474012044,0.5247722424188035,0.5877958133077928,0.2496595605319962,0.9867605852538499,-3.3382498698312673,-1.3120189993572766,1.6211840645054594,5.653920242937183,0.4434827076828835,0.47837474122627216,-0.10414902738131597,-0.15009435232401586,9.725384281209822e-07,0.2174519709361068,5.1382954962189014e-06,1.519328833238343
11,digitaldentalcoach+220@gmail.com,2.757642342683808,-0.3927151039185725,0.6976684399811981,-0.7274098999497893,-0.16065690844221375,0.7690313743622484,0.790116858019236,-0.22286944597920522,0.2627655501155222,-0.48239905250340004,0.0606970214726212,0.4578170489001271,-0.3309645694841016,-2.9138068385355305,-0.8399182608508213,0.05054357775872026,6.91424415553708,1.3868958883301932,3.482475087759727e-05,0.09247505769783422,-0.05979254453835491,0.6916734923480427,0.6479103288660037,0.28807752314724333,2.0714562560946996
12,digitaldentalcoach+222@gmail.com,1.595509337302097,0.3028335131054433,0.12948465178894616,-0.2712740526759544,-1.2434485095121162,-0.0012155405446313047,-0.6513194575973559,-0.001839339837947675,0.19129892699438328,-0.5848780542140972,0.6027129117192326,-1.1841505212632064,1.0298507750351251,-1.518514705765767,1.5544264071864524,-0.21892650163199087,9.598074180613636,0.2968953623334258,-0.01338559076379835,-0.35395561840865747,-0.381963703930567,0.0015032306682537977,0.7343583152371498,-0.28445902495668157,1.500080603404993
13,digitaldentalcoach+223@gmail.com,0.8120563377184464,-2.5097500459067366,-0.19795159874149051,-0.6594274906754507,0.3791286781243629,-0.16207733486265913,-0.7766232243923359,-0.42875594740600376,0.0692744909505004,-0.4296899956899859,0.008642231527850196,0.8462631491319096,1.100654592716127,0.10833358736924006,-2.257196364757406,3.10197183178294,6.666024748152445,0.9876839415951,0.9195764033037683,0.32317146308770767,0.21238206354046676,-0.27157025499092985,0.2482420264499307,5.418106445422695e-06,1.986567075232417
14,digitaldentalcoach+224@gmail.com,1.1678365414387362,-1.6887991999126126,-0.4919256074218002,-0.7306255672540176,-1.1606961454699933,-0.2483339689123039,-0.2887190616842897,-1.0238530116706102,0.47852450968099447,-0.04712116471344606,0.11494650487952779,0.1696726857305497,0.14216891558251296,-0.5994339652208,-1.4301209981031482,0.06808259843930252,6.875639391761156,-0.4586890010801684,-0.36385914619235943,0.7348349272088333,0.4663450443758914,0.46828224915611016,0.45432380154828006,0.7597068951431049,0.892233628351375
15,digitaldentalcoach+225@gmail.com,2.0347979799964713,0.2074636122571353,0.09676499044069298,0.09253012059415415,-1.2769553158647637,0.6181492088786944,0.18813043530972065,-0.15643007195509084,0.11488800077645106,0.13879962516621913,-0.0717900326686165,0.5529763068234781,0.028264645755370757,-3.2065118089774147,-0.3497197052621497,0.473400309233732,7.6756309071545905,0.3947827351447228,-0.6531830248263835,-0.3323799095982282,-0.49077538661946785,-0.7958971458623831,0.9627668484132703,0.3462007532862735,1.6653759402519803
16,digitaldentalcoach+226@gmail.com,1.058650282583542,-0.12902389770552503,0.1759934548357557,-0.22587156937668962,-1.1814074531885443,-0.6013805471369448,-0.5670948993689066,0.3060466953984798,0.364365389385745,1.0417169627240197,-0.6085221575569848,-0.6094883825746867,0.2716610337489768,0.7642681608895738,-1.034944731019341,0.3267850867364306,11.747668708475029,0.2461538141257013,-0.19800878241089914,-0.020993056775874364,0.058120649258031426,0.07545189177982418,0.04502761581956341,0.008278777967776117,0.8560525905080216
17,digitaldentalcoach+227@gmail.com,-1.0483241484867005,-0.7263325722990993,0.37931000217601846,-0.2887637373614742,-1.1939765004917886,-0.09169971490872102,-0.10679452052992121,-0.31438366829248027,0.4341824775392927,-0.36495625981480156,-0.6142526160226975,-0.0962424926429476,0.06990166372107476,0.677729569493557,-0.15817615066028304,-0.030293455666758343,12.58262232606262,0.056749540085942796,0.022181575566401872,-0.5288887396055825,-0.26728181866530426,0.04581914290587196,0.2251620768443634,0.0389044938053676,0.2266353624460798
18,digitaldentalcoach+228@gmail.com,-0.5689606748584233,-2.420360164015849,0.7743352399882479,-0.20912060760183296,-1.3948432056064894,0.859629198342193,0.6759692832784602,-0.47200158036923145,0.7694868084268045,-0.2611543586885507,-0.11706267905230246,0.2475811890414071,0.8214231383043393,-1.815424192981917,0.29968888945484784,-0.03595354138591738,7.131054601928603,0.2740432008142051,-0.34825791554455515,0.22368833918052966,-0.08527546507534964,0.4409992528425534,0.7799911242441491,-0.11124390615873538,1.6119956294452602
19,digitaldentalcoach+229@gmail.com,0.37601809561676464,-2.2695989601553745,-0.8131407350440074,-1.0402227959241634,-0.857578413401865,1.4468307876242459,0.09685542070469415,-1.0237091667838725,-0.006221689588243672,-0.3440370728993341,-0.7258029150872766,0.446408758659909,0.9989056153451925,-0.22432426727594607,-0.48063712230268635,0.41941128044503506,11.030813597217454,-0.1875586628149124,-0.9593611966821843,0.6500022812670004,0.1384887751206191,-0.6878271913249528,0.5430021197979196,0.04888550151149932,1.1975164532003322
20,digitaldentalcoach+230@gmail.com,-1.484620623342787,-0.8525185915942256,0.20585641495719623,0.029315920614919132,0.5687298743672061,0.425057456718383,-0.7213006251227094,-0.7012057979956375,0.12474327104545753,-0.0035690384092435345,0.27774517818581396,-1.2356110890992533,2.9768050601983878,-2.3571969899788874,-2.5772041372112575,0.8431183271239381,7.584265061206092,0.05405132103568845,-0.7367218431273892,-0.031046994540948475,0.27900203141909874,-0.7371537896665863,0.28170886149713203,-0.15879599411841028,1.6768776791990028
21,digitaldentalcoach+232@gmail.com,0.4007388851043063,-2.187398980622136,0.7872494237781454,-0.8400723544054921,-0.12258816021592223,0.5334406948601392,0.16978475391061892,0.07060096194178488,-0.16331776605948142,0.29985266873449906,0.48772778280789153,-0.378945578430315,0.3855293784620324,0.0055030153422025154,-0.6611087655980983,0.5365250661382148,10.122675663313377,0.4392634325593913,0.5267002549765215,1.5742371874575072,1.2277825799219908,-1.0469484960327595,0.4594582472119373,0.4269751423722327,0.7350185239497887
22,digitaldentalcoach+233@gmail.com,-1.774982457478875,-0.031598030049996007,-0.32409919808861054,0.13629990315133836,0.3442548457025445,1.2326607249201535,0.309049049432541,0.7637007198985075,0.5021071845546871,0.00460932888222086,-0.32962599164228,0.8303661997152809,2.5156760164910406,-1.8395872226833936,-2.7934161981604424,0.6095362781699825,7.448370529383198,2.0056272835668794,-0.5646204184712328,-0.28698767069228137,-0.28550180130898867,-0.4385491453461364,0.7602126794794672,0.5890322902057066,1.620446240892507
23,digitaldentalcoach+235@gmail.com,0.4263535683318173,-0.6031961716824399,0.03728708045543764,-0.8467392181435603,-0.9333429280346104,-0.8299610539649327,-0.09347935840826041,-0.19640562202392098,0.553695259182924,0.149322383579364,1.0636632493821907,-0.9463181591654884,0.21810817371633906,1.6486119778600257,0.3551984321617309,0.704641627038118,11.38464822360174,-0.14911130442850132,-0.2556558745920159,-1.1339185837495545,-0.4062136350786035,-0.6024239245891311,1.4765318391860782,-0.21173709135444882,1.4969130429789563
24,digitaldentalcoach+236@gmail.com,1.701983271194906,-0.9487388616603784,0.24155842851715476,-0.02696760280306696,-1.4569077416924143,0.24884555370658287,0.8558387491419709,0.04503989993840988,0.4834727607327204,-0.7537268698923598,-0.3088096838680513,0.08550987140320784,-0.028118592540105247,-0.2726217152519874,-1.7075441052421032,0.23790899973823165,10.609992914583934,-0.19577372823365335,0.3594842031704719,0.32390800638460093,0.6881010204340196,-0.6836842811079806,-0.11506972462299786,0.6610072140858995,0.9439716144348291
25,digitaldentalcoach+238@gmail.com,0.129021648589819,-0.22652920515155012,-0.12088479662739982,-0.15300857744332436,-1.5766057495929664,0.45612442703585326,0.46619328994420123,-0.16243559411507877,-0.40526423104823484,0.03599127670461031,-0.06262781532383783,-0.4584168365777783,0.456438413517118,0.3338206178689235,-1.6789017794922665,0.6922836349600853,9.297911705117675,0.3975679112173468,-0.7600418750610712,-0.026231985896446423,0.8221126358148565,0.23795237268869057,0.7059842316082098,0.0953486389532247,1.6469133602688508
26,digitaldentalcoach+239@gmail.com,1.2187987256220814,-1.6254381653690135,0.49619465155445597,0.10519150730872914,-0.32529933539392175,0.08599951938496697,1.169131995323269,-0.4391616633337255,0.6261070767934389,0.057508609171682,0.06875562637550948,-0.7435437391056124,-0.23735289963083883,-2.5819648307405165,-1.0906720562269567,0.7066095491969998,3.615554025202334,0.02073848689123019,-6.125462297501671e-05,0.020144592980635697,0.37965177450513216,0.6772850418237197,0.33554099294260514,0.5103197766182935,0.9628149091090972
27,digitaldentalcoach+240@gmail.com,0.2564431782917979,-1.6449647710674709,0.19352941276918642,-0.7763242534665692,-0.604506818481811,0.1361014575423164,-0.1819876212016783,-0.3465369446187187,-0.2463660847878067,0.4550256181863864,-0.6490174346950566,0.6030916246982844,2.17475675229289,-0.7986836000870638,-0.9921300787659654,1.1309087452020423,8.038774615216578,0.8549781855545054,-0.23414326661788662,1.0844930141968059,0.869018056101334,0.10393200901286004,1.2766991670173473,0.34795552873000896,1.8586218676865753
28,digitaldentalcoach+243@gmail.com,0.14697848449331832,-1.4437745536435234,-0.7579366405685055,0.30260635782347933,-0.9434859361077198,-0.35295314007138473,-0.11618334890872857,-0.38948005524121043,-0.2937893735480763,-0.4017907669005154,0.16781003538730843,0.4400893073941982,0.4328874704918498,-0.23612804395901343,-0.3018424019247977,0.8967393553663049,10.472909511125257,0.5549317939066729,-0.4655875636051791,0.18750422885696597,0.14592383489483648,-0.5062166942203614,0.9538805849999081,0.2370827004486608,1.2769827184507123
29,digitaldentalcoach+249@gmail.com,0.7667124539340406,0.39264002524546915,0.8733508070805948,-0.23631289006747955,-0.6086359970480879,0.26142323622591784,0.22863500000580442,0.007039732856526039,-0.019410833501500902,0.5889876640540224,-0.538565598074903,-0.6247003109987179,0.46644024823094676,-1.6848877530632957,-1.1548554234582378,1.215041550785607,4.912385882927503,0.062162552522911224,-0.40900776765844904,-0.010422068665584282,0.08569240181602485,-0.9205128976818521,0.9309123781439046,0.34417412989125507,1.1341468563101813
30,digitaldentalcoach+266@gmail.com,-0.5989861658400442,-0.9250680127527187,0.5380004383536751,-0.3185637023695451,-1.7688506775277404,0.9450163628060753,0.36547832358040266,0.020906843042147624,-0.14861688303073636,0.14594795182529535,-0.5339261947807467,-0.4795382727638416,0.006094409500310324,0.3641606359797284,-0.02970945486044473,0.019176518303001853,13.05291693147612,-4.2477664962663044e-05,-0.1314356226832877,0.20543689829379916,0.07034095627504852,-0.016410514451208433,-0.09928774680964349,0.0002842658438193083,0.1457508276395386
31,digitaldentalcoach+267@gmail.com,0.5663530578319187,0.37917871010360277,0.450668649776831,-0.08296569530332279,-1.3578512299891896,0.42655518109729623,0.4477930732543853,0.35748384487317963,-0.3876560578722331,-0.3775142919826903,0.14980631130721678,-0.342831779129763,-0.10345791067422251,0.04208960969439675,-0.3193434380668822,0.08350434679527223,11.282593314644306,0.06753291721786993,0.4314500541452798,0.2710179682028979,-0.31530017729515597,-0.11225500338905132,-0.28223186939853706,0.03151796588504448,0.3255080415517118
32,digitaldentalcoach+268@gmail.com,-0.5735988514656182,-0.5773282473406982,-0.3810430710827379,0.14491735007878975,-0.552953751498579,0.4829540675060727,0.16459790847497596,-0.43201193653431175,-0.1304546370622752,0.22539591158815822,-0.3749392923938538,0.47362953066555225,1.2859472775032987,0.030661343389698385,0.18320746488763398,0.15676135355175455,10.956394281891237,-0.4150372625091772,-0.40901939633715895,-0.22999700825298755,-0.7027628071364423,-0.5004980748885318,0.6116099961475147,-0.34213128553191513,1.054296372094257
33,digitaldentalcoach+271@gmail.com,0.8062023985062816,-0.20726904990715714,-0.05446049589029949,-0.3716278001392247,-1.115748467776117,0.3376655183097859,1.1785055817707588,0.5535706594030496,-0.2079398417402995,-0.12788111400907567,-0.1658455902606828,0.5997329693839244,0.19473991385400957,0.5414726997028327,0.04113879144003055,0.2697607572922948,11.149028399050513,-0.13951316454189855,-0.1996943034956165,0.046421743862862255,1.471785163943398,-0.9476024499512009,1.6364649015478816,-0.4746252813742555,0.7484037886829601
34,robas+118@developers.pg.com,0.6868714836724116,-1.1448653892461018,-0.8807982960121203,0.4908989480231345,-0.6265314496130036,0.01881640526937755,0.36361352884527093,0.2812223679936933,0.7047565196038594,-0.3358784579341235,-0.3047695313141844,0.22551104988856618,1.0328966564376718,-0.3602449219201555,-0.39412584646979354,1.0404315889703346,10.565823584072602,0.5861029746120126,-0.8208080438427298,-0.3825761591523938,0.3457225252376619,-1.0457954592779528,0.4237409391540846,0.2908791905923171,1.6787134176865248
35,robas+119@developers.pg.com,0.7323152528360855,-0.19155999043267652,-0.6878973112642834,0.1258612841864723,-0.29661456680061804,0.017882847479555215,-0.5955337385381031,-0.4198311927737586,0.14720284813588883,-0.8161673286992194,0.1019720145013955,1.0299929189110069,1.0298204442281456,-1.2623124727340196,0.14734778385935718,-0.2947619966832042,8.749119662132621,1.4991852564260155,-0.2239415688271662,0.403962446838376,-0.05795798223765265,0.3394874578803362,0.8668512837734575,-0.24548674929259692,1.4426226262428896
36,robas+120@developers.pg.com,-0.7539028166130219,0.035412316362293514,0.637802720436734,-0.49911557211387014,-0.6253792884704329,1.527549076338055,-0.5909902245092142,-0.20941211380516034,0.5435376744098125,0.2333790137184085,-0.4477958490006357,0.7620855990041778,1.1203918345052257,0.4029932551523329,-1.1172259152379556,1.5974471177603542,8.261640150556298,-0.06635137887654473,-0.9083628455400272,-0.03882552014669198,0.16223735057822938,-0.8213633072771496,1.8105155502446153,-0.4827140582511398,1.0754930104717781
37,robas+125@developers.pg.com,0.360726693804938,-1.4979762033551611,0.484993684620896,0.416353076818149,-0.2952480442105181,-0.40015389819741815,-0.3640083194755638,0.3091135417356659,0.5187941720576452,-0.3678888086226729,0.30365737503599777,0.003084169713886957,0.5568638700578835,-0.012216969390578331,-0.7496591915344263,0.6511007044085032,11.804003527127984,0.7147998068633552,-1.158800764846684,-1.0488644185971367,0.8314221420988656,-0.008112237491871056,0.6759151890292067,-0.15513308596867292,1.042463681046535
38,robas+126@developers.pg.com,1.882606119380798,0.09600750099828743,0.20760409597020432,-0.2525085332480175,-0.9096839255244757,-0.22270683825795043,-0.07231384121795643,-0.5761928985173724,-0.2376746851578989,-0.3638863520018012,0.2456625462513864,0.32357407081164735,0.9270007950466133,-2.7423939287409405,1.238766457802594,0.09418276804674276,6.404953894141314,-0.2776626903160094,0.2893208079801953,0.14231612946224936,-0.05068033231921967,0.78750298003491,0.44247397456787646,-1.2227432258189868,1.8376261308082709
39,robas+127@developers.pg.com,1.0885143163469437,-0.21380775931120471,-0.015076039026945513,-0.679580401716094,-0.04287250644428372,0.5043631133863634,0.24848812661329633,-0.2382982977579161,0.6386153764260688,0.39178189047317663,-0.6241935463202286,-0.6119161296596128,0.20503058973159335,-0.22937869030087807,-0.7493837216643499,1.2609576411499863,8.809236516094225,0.0885402518808485,-1.036470012749753,-0.03621655713205791,-0.0002831995485986065,-0.5385074361212014,0.6527695644813543,0.44119558697399264,1.976907873937753
40,robas+128@developers.pg.com,2.9758256141160797,-0.08183264221115367,1.2353382620151327,-1.0501206626263169,-1.0045092460581575,-0.3110457660147442,0.5007454661805353,0.32136545822705936,0.1730736390047434,-0.3897985558037622,-0.21874532065729513,0.7773698008426959,-0.1284879203683451,0.7270772054283805,-1.2838906006756383,3.173384306412697,9.49305679710793,0.06883055617846759,-0.1296634892663972,1.596870029737803,-0.5035022155025307,-0.2911461044349827,-0.29192386658917446,0.4128661290716328,1.0059975933835366
41,robas+129@developers.pg.com,0.1404370162422163,-1.3962865551917931,-0.4294327353338075,-0.459895178876289,0.1422129156453531,-0.07820169046749512,-0.041120430402542985,-0.43108227361223367,-0.4383027672344107,-0.21306332926749053,-0.018910182707641773,-0.5378720652046342,1.249600039446029,-1.3191053912788258,-1.3488856384737562,1.088993801758822,9.736676931977874,0.9909068994757989,-0.11543935913715714,0.15512712567262008,0.4222485271222828,-0.7775335207404248,0.5811555498497457,0.11461445714230263,1.832942194113896
42,robas+130@developers.pg.com,-1.5973492540711656,-1.683484692890646,0.20056801144425265,0.20060915753283004,0.14820019237371704,-0.2388861236856572,0.413908467231114,-0.013280863911667379,0.006451125985397475,-0.3504643149254105,-0.467070938780198,0.993930565837501,1.3600311858840222,-1.226644588050067,-1.1050994125997264,0.6073232045864585,6.3051126591489925,0.2830007720070257,-0.36081924922174013,0.9460586097676543,-0.0793229064996864,0.029041078447433318,0.9789119170999967,-0.3329425558158135,1.3611010882435988
43,robas+132@developers.pg.com,0.8625934275834811,-1.3854359211253777,1.0544373180718531,0.0003759567270795808,-0.3029739651522867,-0.1607713081398538,-0.6792448441226487,0.14669248893059797,0.6965611257700824,0.3505497283591542,0.5180199479898311,-0.035877253277257694,0.7010468542643891,2.625253942766182,-3.7529363435997563,1.6926699343905,8.784803411459183,1.9775739764102402,-0.3811571488122131,0.2989033404452053,-0.4154367940235748,-0.504243867844236,1.1228244101227929,-0.18013852173033354,1.32800827311149
44,robas+135@developers.pg.com,0.49981607130193634,0.8659731191742625,0.11580848796226477,-0.021123758998503224,-1.1259607731462296,-0.26454630572635757,-0.41642337829467235,0.24178028299405058,0.48036518846565057,-0.13536934018749958,0.15770554836674885,0.5494970914260666,0.9933972899694229,0.11318217701172127,-0.2723311165464076,1.1692534194087658,10.113296938329386,0.27437525498392523,-1.034286848753502,-0.016450513937252914,-0.06426555699041603,-0.9695876592151189,1.2417869134346664,-0.583872563802212,1.202230471097287
45,robas+136@developers.pg.com,0.6513517359452521,-0.5761777425634405,0.04039780012553358,-0.08231124366724739,0.1940422211014278,-0.3923807985695181,0.03278181571167015,0.10834787016610427,0.04922778148593802,-0.5366080754760718,0.011941165447724068,1.0948027602593065,0.6138912038078227,-2.477951986763925,-0.20611318898625128,0.968794118831637,7.854420630679705,1.6269463192016975,-0.3611170304976729,0.1690452481151466,0.3914424240083267,-0.15250939688791607,1.2970219326836316,0.39491957288707913,2.6475229339542325
46,robas+137@developers.pg.com,0.9180213676531948,0.3254850224030552,-0.20059017230761145,0.029617985363655213,-0.3742209193400337,0.16900808611269666,-0.4793412328512022,-0.42315259438174035,0.04579591516676761,0.43012925584642103,-0.18063228677929172,-0.5777916429158704,0.3711867671758898,-1.5231985261002232,-1.9866364407362989,1.7081682234857443,9.919715684220174,0.7646204409984836,-0.2554568535280025,-0.040960739364603635,0.6763461373474531,0.3360909403712102,0.9956990917747521,-0.4019819661495192,1.3733557609721263
47,robas+139@developers.pg.com,0.6893417544108719,-0.4305701779340178,0.2733906274376642,0.008491607769169792,0.5261328849744473,-0.2812457364101695,-0.35031890662059995,0.557538050927804,-0.31423736843970823,0.8202108884928727,-0.34576828078958255,0.17088367793073883,1.1510233375603205,-2.782186133350401,-1.0601412987262764,1.5148505135537582,8.155945871567273,0.47051770669979853,-0.05559700359927504,0.6456603926817006,0.5062587003484977,-0.37249022380625435,0.6655942489897352,0.26849690019826283,1.6661246334662734
48,robas+140@developers.pg.com,0.7957151489853508,-1.7865165117845614,0.4411026347622851,-0.006651417701184015,-0.47275572083924644,0.4772515710652458,-0.4038879594263596,-0.29005335035748087,0.45641346705715774,-0.2474567369735506,-0.09778102070864125,0.45553550289576145,0.5320728726077741,0.142367163801469,-1.4266678153047783,0.6033547205971964,10.356085680442986,0.3115973542122457,0.034226632521647385,-0.5576072554651348,-0.19131636954709272,-0.774279851202923,0.5738694861181559,0.008746096055808813,0.8000427997104983
49,robas+142@developers.pg.com,-1.7587399734490714,-0.22127810064329487,-0.18686336505256826,-0.4564043811040664,0.3233943240653792,0.07066595836350431,-0.46925900934979,-0.3293306090914021,-0.47995859507138844,-0.2331766783010541,0.38090466450836624,0.33199725178636585,1.593928597682626,-0.7500325305422583,0.21012559944483167,-0.3258197720003824,9.381172018520239,0.3571371988938923,-0.6415910246925456,0.7326206881549151,-0.3129061283298403,-1.1804463978673105,0.8759287216537799,-0.4231736900779524,1.6224098913522988
50,robas+143@developers.pg.com,0.6405108493659437,-0.8251368469303861,0.4209555411100499,0.0997090063572319,-0.8194876982098777,-0.46265887819291485,-0.247174686460075,-0.29279453965690716,0.5394201442608061,-0.16200044948169556,0.24253652643148765,0.7077511915552142,0.5121371204552659,1.390738589119774,-1.2053241733490936,1.0765965213550834,9.841356032677947,0.5165836884280709,0.23150386535644804,-0.5879506027179395,-1.141406223103046,-0.23040281297976653,-0.32632296837389907,-1.2239460306459526,1.1948029608288013
51,robas+146@developers.pg.com,-2.57127327692985,-0.5412495370182694,-0.12898907723674244,0.1689112741054704,2.0798441538023873,0.2828939768268455,-0.7522746280777991,0.48405777701676445,0.3897150971245934,0.26128692262456066,0.5267260899125762,0.4697149131510783,4.95322499792707,-1.854642481048381,0.10325014337611715,0.6743791986759171,4.985684681703048,1.2335918124223764,0.04622378307260405,-0.011772269102346355,0.12256539514733195,-0.5992730926042544,0.5497544425849372,0.32837195674994635,1.1631532064509085
52,robas+147@developers.pg.com,0.48082614022855263,-0.24153121404688013,0.04942345251181927,0.5095167332182,0.8278042930751184,0.47681986068516025,-0.0441853734532685,-0.06391624659926846,-0.4696488033379448,0.05462857417941068,0.2772435041381418,-0.7194567421009478,0.07142308033952195,-3.613330012462396,0.6691467041389244,1.288143607674211,3.5051281877365463,-0.1067370689093306,-0.45736418752576435,-0.851493687226635,0.2658706836955195,0.1660320650832962,0.6415657425359745,-0.7165428714604647,1.3557798412625794
53,robas+149@developers.pg.com,0.4381300072357955,-1.1013316805871405,-0.49908836844590176,0.3836183003689199,-0.9861622423159472,0.8927568599765076,0.14138820660302182,-0.508983365771691,-0.6395962301175019,0.03366409195810276,-0.16628971795772243,-0.7898308119246341,0.4738542725663827,0.05881037049421991,-0.6556336920113355,-0.36556137383492343,12.286651720917344,0.03573109964471992,-0.19084693525807261,0.2994512419818844,1.0158807342491747,0.6404668846378906,0.5397705409766211,-0.20890279384528718,0.849426647780908
54,robas+151@developers.pg.com,0.7422531970489451,-1.147243284771127,0.870128611663082,-0.1976305104641591,0.5196213607560752,0.5127169577997708,0.39581281718093236,-0.12481110742270433,0.5364471312958451,0.16964977991001984,-0.3540443903252015,0.1959985145684583,0.9084220401230514,-1.673959576325057,-1.3101692308107278,1.23262259467601,3.087100064973843,0.45527485322340444,0.014964556888992979,-0.03110695952452999,-1.2453227116045316,0.024890225309413844,0.8963179112103318,-0.6734949564946017,1.4887539468421418
55,robas+152@developers.pg.com,0.6440593201458158,-0.5935315882150589,0.35371600079242643,-0.4431176829560737,-1.5360896862435631,0.8042102245160577,0.08023782883722488,0.24751279730558975,0.3024366370192378,0.43012720073468114,-0.3817999660720835,-0.3267300447938807,0.36711218962039066,2.3134546092406807,-0.9378660762859312,0.6330705239580735,10.011053473554481,0.0731271260002209,0.16225605719652658,-0.9290219337596978,-0.43176988139563605,0.2545259465365501,0.17081433776373398,0.9043190557902443,1.4255826801739242
56,robas+153@developers.pg.com,1.166572153930304,-1.924121231852205,-0.44785345173017166,-0.5159035092217537,-0.1892098992577686,0.5025669361486018,0.007673459259015366,0.6492267291089349,0.7635799424996138,-0.10755125875366024,0.03228275788481507,0.3191335932147639,0.14915698945235326,2.0568155597572235,-0.07526933606362994,1.232330732228693,10.619713131443808,0.3604058097807384,-0.07628092039709355,-1.8444972310314574,0.07858748558926207,-0.054786152304884685,1.4685781848639208,0.315859387110953,0.8075408819789293
57,robas+154@developers.pg.com,0.4893688740007645,-1.1393385267636087,0.19697780693265612,-0.22390888206142293,0.11948228635753079,0.625350732754943,-0.8026225812707036,-0.19343364249809886,-0.113417323093134,0.09120078464908432,0.42061589014980916,-0.016784866145106523,1.1147499372339658,-3.0053612412759656,-0.007262936956336429,1.6908708792317386,4.635254832122591,0.2821212816533145,-0.4469705649531646,-0.6470440001721256,0.32486518334646863,0.2219684559654941,0.8863177065381124,-0.0504577849434802,3.0112404412203273
58,robas+156@developers.pg.com,-0.2668801586022484,0.13996916436881404,0.27485841458768356,-1.1018158480516085,-2.0902647123964813,1.0950478770809016,-0.03956558914026161,0.15148136915840432,-0.25384881132514353,0.19977737888403013,0.2157899659973684,0.34686801976915876,0.4010610863200741,1.0584423430867946,-1.0770112966366212,-0.166637455567761,10.163928656629183,-0.28941949147256085,-0.3379606357671167,-0.4186268517645374,0.5192350932047041,-0.24328562212647445,0.42479161195509263,-0.13576836568009062,0.3402243868899693
59,robas+157@developers.pg.com,0.5478660344654094,-1.1809549095783343,0.5657883360733396,-0.07169622794185573,-0.5072874138960185,0.39551401917427625,-0.4358853112464584,-0.2082397250750068,-0.9188566143927089,-0.002642548902752469,0.4121379956643124,-0.4046924176209655,0.4956931280514393,-0.566597394019786,-0.4774680143094197,1.4296349938455886,7.782055154615233,0.2513555915644076,-0.44524631988861885,0.7669340558154153,0.08280924089992459,-0.32995459985057113,0.8377300592557261,-0.20144487572974018,1.1305277595465633
60,robas+159@developers.pg.com,-0.6832764665763412,0.0745763471751757,1.5117411612978782,-0.47589506104467993,-0.4504135841934776,0.30724445874168255,0.2142695681349342,0.11107745693973084,0.771626873759398,0.10973401472509817,0.6783536460493191,0.6482078975738526,0.24566738421437703,-0.9956423229878681,-1.7799587445083547,0.7997709859836397,7.6842528408618325,-0.05803789342274238,-0.1226670679528922,0.4023202868864458,-0.3505618599176285,-0.26395344191383335,0.45047821713933067,-1.2846744686930442,1.7615871912259433
61,robas+160@developers.pg.com,0.17918201597506297,-0.28962748950204364,1.27754672194818,0.3767609460156454,-0.20063521812405885,-0.4765032720545553,-0.2928679765167845,0.1289696315356896,-0.4186822388470922,-0.4435208426255901,0.07348772035566975,0.1507824156139255,1.9008767554815433,0.6170862974464738,-2.685661497070205,0.47247776791726975,6.544995589838207,0.39537320275097615,0.44896276667581425,0.2276201465821762,0.3234180407336677,-0.03251449613550533,0.2086948963960588,-0.15228655224487503,2.4014585767699708
62,robas+161@developers.pg.com,-3.302620831244241,-0.5171546142387642,-0.8466351352180655,0.055606405477843596,1.6231061509055262,0.4403956717542807,-0.009093667126900969,0.13034019955406237,-0.26316833090067054,0.1635922024160779,0.40213529417425253,0.3225509918829012,5.0878649782031635,-1.8093947761853992,-2.3552689321961804,1.4183084251873588,5.1348852982471875,2.096390082440292,-0.041686666344295464,0.0687058007375716,0.16501127803574317,-0.24006142756195697,0.02716575779540034,-0.04262872190968556,1.242082879474998
63,robas+163@developers.pg.com,2.3495387397509657,0.12770000987021154,0.5755921765310958,-0.1916456992704472,-0.7813779074977808,0.5169675351134643,-0.3775686097897649,-0.09510397969394578,-0.2841408198148937,0.4406252149543645,0.05150841080698038,-0.008324679530811594,0.208764356448354,-2.1160060418229927,-3.774109907240518,1.4229860112719006,7.357153973321941,1.2962565099579226,-0.011974145565412112,-0.03095943266152959,-0.021974074056966775,0.27654094083567066,0.29783685811060495,-0.13927776172381148,1.5222302819212643
64,robas+166@developers.pg.com,0.9538870742213151,-2.1952887813615405,0.640563266030432,-0.46859003683508554,-1.406751345542781,0.5716422007255104,0.36076469087837904,-0.4328112238891899,0.812372172820871,0.035792861172521256,-0.007301553473672348,-0.14009979101032918,-0.4592382876472107,0.2038404315328215,-0.392998386230845,0.8334571938828574,6.737080566859662,-0.14841631942609576,0.6117084448513778,0.7053613236039922,-0.07775587190871511,-0.0025359933832269223,-0.19177910514373978,0.4944303657041656,0.9543097981456761
65,robas+167@developers.pg.com,0.4176522283075366,-1.8022106634146187,0.7460659055762923,-0.39167328984620403,-1.3993893008934801,1.1527381721197953,-0.8097674811502746,-1.1568908563291223,-0.45767731719230353,0.18015945574404157,-0.6646748529972284,-0.3520810943539413,-0.2770493944525819,-1.6426246929729267,0.37572955476156383,0.08010631208380684,6.131935988144211,0.027715285089880744,-0.04561604656904502,0.22685394975395842,-0.08299656442464137,-0.01778310398418957,0.45249902484970694,-0.015739414704576547,0.6921250569402483
66,robas+168@developers.pg.com,1.5211528116665125,-0.6309749071385599,-0.12749036308470102,-0.15685393634898742,-0.42851133975646544,-0.23961960683257433,0.23663713511083562,0.378335324693821,0.33277785972223384,0.29750023341591586,-0.0483506752406595,1.2086020336653314,0.44571479545652626,-0.5056282812375952,-1.4035019119648184,0.9014186708885024,11.054458052326657,0.3757280930143265,-0.6776610794612351,0.10670074223500359,0.11040911324999418,-1.0055696195684314,0.7396708510529184,-0.1221072700170913,1.2553071543579004
67,robas+169@developers.pg.com,2.6606988912775806,0.046152364027211464,0.6330831154177873,0.046671329004468014,-1.6429172377599892,-0.24567498722650302,0.16112270984782134,-0.2994536790979907,0.2906032647940573,0.7147551771241272,-0.5804959857471158,0.1273099101812492,-0.0157892464196473,0.04520284928488839,0.33852507370406676,1.671621131426771,8.130947653156355,0.20278740840267281,-0.2546999481127296,0.04211579196134777,0.3965077209582691,-0.21774360050624778,1.079910465859241,0.295117601546334,1.6285830397226344
68,robas+170@developers.pg.com,-1.6014515417991133,-2.030733556560434,0.3849090187715856,-0.01212656604309095,1.0520291089336755,-0.14527689842210367,-1.0752710126163911,-0.5589518258871304,0.12560517942353794,-0.0325205613221868,0.07370021342173509,-0.09678333905442471,1.892217557999588,-2.6836788551073885,-0.1152892838514877,1.1066991942796194,5.342427932156298,1.0418223519010918,0.11233469924668237,-0.1988286213002944,0.22694782736752642,-0.788002674280898,0.11247361304641977,0.053631432255377906,1.3132760869467224
69,robas+171@developers.pg.com,-4.671467480266291,-0.9201304834427012,-0.08130596142069367,0.7721541389526873,1.3604929629914981,0.4257240139064156,-0.5335212192082377,-0.32692358924039294,-0.4263615038283157,0.10207979626819548,0.1651745161676862,0.5243442545650637,4.628707880129711,-0.5100158587860973,-2.272519063680013,3.649629347795339,4.4247083675955174,1.222422091495125,-0.4325894957951168,-0.22822057623740827,0.09155192714582722,-0.16634380238137336,0.09160542656378068,-0.05199064341677748,1.5186670430466722
70,robas+172@developers.pg.com,-1.382845540239151,-2.1439030213196757,0.4843002775144701,-0.16134488350183948,0.8784422534704178,0.8940873174729834,0.019561592914855895,-0.4309259506437909,0.29793382806081625,-0.2660917665066664,0.03063079402535947,0.2692127368122233,0.2527710063891302,0.6489122857123975,-0.41625089027068984,-0.030739285615938212,12.55874787937602,0.26183484119637657,-0.20113870258528643,-0.4900015586866557,0.24280651229623199,0.13038712807027503,0.6413067967848345,-0.33348693665544843,0.5992064714857949
71,robas+173@developers.pg.com,-0.38656296818483116,-0.10445375339822226,0.26628820959663585,-0.048693583183824954,0.0803355889643189,0.3589843924449176,-0.2842790527432937,-0.19113507871797752,-0.21470661674873953,-0.10848188982674084,0.2575513274790874,-0.7039521724260901,0.4043253034342995,-1.4321968221774966,-2.11852238529569,-0.23724368301141602,9.003878763760554,0.05221812834051091,-0.6412151457806128,0.3990775109757849,1.0672660311588709,-0.7664844036061412,0.7676184265914595,1.0821312549554722,1.029114359142607
72,robas+174@developers.pg.com,0.4345316704971336,-0.9818338154084431,-0.32349781754850565,-0.6050226925510918,-0.3642925980059858,-0.5001774975481437,0.014220667448487495,-0.6302653233809685,-0.19727748894730238,-0.17077715600779528,-0.1457771532389075,-0.39604925782900974,0.8901825659808872,-1.8630534685374247,-1.5480455834416884,-0.201274945868223,5.597269424149186,-0.17490639346371997,-0.20359527295116692,0.48412722122794066,1.2138989356504188,-0.5713049662447592,0.5505038459411843,0.5911885183696494,0.8016112493242509
73,robas+178@developers.pg.com,1.8293567941268285,-0.5620068315606664,0.019153572034402707,-0.503448641287812,-1.8581944259161811,0.2254490176121592,0.9910070642118589,-0.38365343343846586,0.232540390525861,0.13240856988408115,-0.1721083640173536,0.7098947630157679,-0.014618021544319895,2.4829690623147953,-1.0527742224874472,0.8401670981119268,9.779933736715991,0.13721289439963077,0.08526550500041852,0.13743043059294968,-0.1598098157309531,-0.2107204202538713,0.30947023954760405,-0.24842763016933322,1.537609218288636
74,robas+180@developers.pg.com,-2.8585455884657076,-0.46301727068187826,-0.022056747703282798,0.2750713403392239,1.1932817083687302,-1.9215424705658337,0.09611656119083889,-0.00012933539206234012,-0.18464926220918157,-0.16914776256723785,0.35721223520412226,0.3825468654450212,1.2033961771870199,1.3559771860575862,0.07068865739245189,0.10719786373244562,10.48824206242037,0.6052217647793711,-0.6379031509643248,-1.1930358366638896,0.4067620393588643,0.12788333359899062,0.8863692082351359,-0.17234306818550604,0.9004565302555158
75,robas+181@developers.pg.com,1.4952641650125509,-1.1903068713975886,0.17237264448815456,0.473638849329239,0.8976798872612435,0.2606060365131456,0.5687130342385261,0.01210588424300728,-0.12933611159918137,-0.027178660599143003,-0.23175851334347305,-0.1493216307581073,9.98867346733925e-08,-3.0048179683904834,-1.1486825611365616,1.037525742757236,3.624669614945188,0.9420614198196438,1.1825099064620275e-06,-0.86606943198838,-0.2964980761575628,0.18748973860477997,1.0469503896621455,0.4075451088324418,3.1504157901581045
76,robas+182@developers.pg.com,-0.5978654708942234,-0.49190127992187777,-2.1981453790788468,0.1877493199331267,-1.0988690152051013,0.03169198439337617,0.7672536992466309,-0.6322948179116804,-0.34904153612959643,0.5899101854569547,-0.2502809445620572,-0.852007640947784,-0.27863176789014055,-3.8398791375804726,-2.4264418574305755,0.3871518815669534,8.507764145616228,0.2347969413307148,-0.3866159711052654,0.33248616564989036,-0.8999953972949056,-0.26882261492933673,0.8587621278793358,-0.4203715700502436,0.7264447194228616
77,robas+199@developers.pg.com,2.200466122593828,-2.58728824663329,0.046970956659291366,-0.03913023976985025,-1.5963018262677497,-0.20022768070550015,0.8582505439533265,-0.752596370357739,0.9838963928952676,-0.08963729977723521,-0.9328401322126867,-0.5408783991816679,0.15520017491077406,-1.606212928146674,1.5848330448921415,0.6989499640108784,8.00637762981783,0.6909467111099593,-0.16524782191504042,-0.2501264404349051,-0.1787222113409497,-0.3701315278524155,0.8429045233431348,-0.8325122357394522,0.9656698919679725
